CATEGORY,AREA_CD,AREA_NM,TOT_REG_CD,ADM_NM,ADM_CD,REG_AREA,AREA,RATE,Area to st,Area to _1
인구밀집지역,POI013,가산디지털단지역,"1118051010001",가산동,"1118051",23090.98,23088.446,1.000,"437",광명
인구밀집지역,POI013,가산디지털단지역,"1118051010003",가산동,"1118051",215886.15,215871.596,1.000,"437",광명
인구밀집지역,POI013,가산디지털단지역,"1118051010002",가산동,"1118051",15779.28,15778.026,1.000,"437",광명
인구밀집지역,POI013,가산디지털단지역,"1118051010004",가산동,"1118051",18596.58,18595.490,1.000,"437",광명
인구밀집지역,POI013,가산디지털단지역,"1118051020002",가산동,"1118051",736729.26,736705.000,1.000,"437",광명
인구밀집지역,POI013,가산디지털단지역,"1118051020001",가산동,"1118051",156139.72,156133.511,1.000,"437",광명
인구밀집지역,POI014,강남역,"1123064030006",역삼1동,"1123064",117122.10,73163.631,0.625,"401",서초
인구밀집지역,POI014,강남역,"1123064030002",역삼1동,"1123064",67501.35,67496.323,1.000,"401",서초
인구밀집지역,POI014,강남역,"1123064030001",역삼1동,"1123064",62742.33,62742.328,1.000,"401",서초
인구밀집지역,POI014,강남역,"1123064030011",역삼1동,"1123064",72454.88,29877.335,0.412,"401",서초
인구밀집지역,POI014,강남역,"1123064050003",역삼1동,"1123064",33513.55,33513.546,1.000,"401",서초
인구밀집지역,POI014,강남역,"1123064050002",역삼1동,"1123064",47918.73,47918.727,1.000,"401",서초
인구밀집지역,POI014,강남역,"1123064050004",역삼1동,"1123064",68876.30,68876.299,1.000,"401",서초
인구밀집지역,POI014,강남역,"1123064050001",역삼1동,"1123064",35047.72,35046.504,1.000,"401",서초
인구밀집지역,POI014,강남역,"1123064050301",역삼1동,"1123064",5673.44,5673.439,1.000,"401",서초
인구밀집지역,POI014,강남역,"1122052020002",서초2동,"1122052",88021.42,56810.401,0.645,"401",서초
인구밀집지역,POI014,강남역,"1122052020001",서초2동,"1122052",64514.38,33123.168,0.513,"401",서초
인구밀집지역,POI014,강남역,"1122052020301",서초2동,"1122052",3946.50,3946.504,1.000,"401",서초
인구밀집지역,POI014,강남역,"1122054030003",서초4동,"1122054",57081.41,17252.276,0.302,"401",서초
인구밀집지역,POI014,강남역,"1122054030002",서초4동,"1122054",120016.20,92562.430,0.771,"401",서초
인구밀집지역,POI014,강남역,"1122054030001",서초4동,"1122054",52910.56,14125.218,0.267,"401",서초
인구밀집지역,POI015,건대입구역,"1105053020017",화양동,"1105053",18086.74,18083.730,1.000,"413",광진
인구밀집지역,POI015,건대입구역,"1105053020010",화양동,"1105053",31362.71,31359.756,1.000,"413",광진
인구밀집지역,POI015,건대입구역,"1105053020020",화양동,"1105053",14519.04,14516.662,1.000,"413",광진
인구밀집지역,POI015,건대입구역,"1105053020006",화양동,"1105053",38014.93,38014.414,1.000,"413",광진
인구밀집지역,POI015,건대입구역,"1105066011201",자양3동,"1105066",68597.09,68590.145,1.000,"413",광진
인구밀집지역,POI015,건대입구역,"1105067010005",자양4동,"1105067",58360.49,58356.220,1.000,"413",광진
인구밀집지역,POI015,건대입구역,"1105067010004",자양4동,"1105067",24300.75,24300.750,1.000,"413",광진
인구밀집지역,POI015,건대입구역,"1105067010006",자양4동,"1105067",9148.32,9148.318,1.000,"413",광진
인구밀집지역,POI015,건대입구역,"1105067010001",자양4동,"1105067",16412.66,16412.660,1.000,"413",광진
인구밀집지역,POI015,건대입구역,"1105067010003",자양4동,"1105067",29933.61,29933.611,1.000,"413",광진
인구밀집지역,POI015,건대입구역,"1105067010002",자양4동,"1105067",15274.29,15274.291,1.000,"413",광진
인구밀집지역,POI015,건대입구역,"1105067020014",자양4동,"1105067",9511.91,9510.153,1.000,"413",광진
인구밀집지역,POI015,건대입구역,"1105067020004",자양4동,"1105067",15828.09,15826.803,1.000,"413",광진
인구밀집지역,POI015,건대입구역,"1105067020005",자양4동,"1105067",13711.33,13703.646,0.999,"413",광진
인구밀집지역,POI015,건대입구역,"1105067020002",자양4동,"1105067",21795.11,21790.543,1.000,"413",광진
인구밀집지역,POI016,고덕역,"1125054010004",명일2동,"1125054",37890.77,37887.334,1.000,"402",강동
인구밀집지역,POI016,고덕역,"1125054010007",명일2동,"1125054",54515.50,54515.496,1.000,"402",강동
인구밀집지역,POI016,고덕역,"1125054010801",명일2동,"1125054",6727.19,6727.190,1.000,"402",강동
인구밀집지역,POI016,고덕역,"1125054010802",명일2동,"1125054",6628.48,6628.477,1.000,"402",강동
인구밀집지역,POI017,고속터미널역,"1122060010001",반포4동,"1122060",244382.55,244382.550,1.000,"401",서초
인구밀집지역,POI018,교대역,"1122051010009",서초1동,"1122051",29277.49,29277.476,1.000,"401",서초
인구밀집지역,POI018,교대역,"1122051010010",서초1동,"1122051",30862.10,25299.522,0.820,"401",서초
인구밀집지역,POI018,교대역,"1122051010002",서초1동,"1122051",27329.65,8979.769,0.329,"401",서초
인구밀집지역,POI018,교대역,"1122053020001",서초3동,"1122053",352646.43,17495.452,0.050,"401",서초
인구밀집지역,POI018,교대역,"1122053030008",서초3동,"1122053",24109.96,17921.195,0.743,"401",서초
인구밀집지역,POI018,교대역,"1122053030005",서초3동,"1122053",76913.74,5966.084,0.078,"401",서초
인구밀집지역,POI018,교대역,"1122053030004",서초3동,"1122053",57580.16,16626.775,0.289,"401",서초
인구밀집지역,POI018,교대역,"1122053030003",서초3동,"1122053",70138.47,70044.911,0.999,"401",서초
인구밀집지역,POI018,교대역,"1122054010001",서초4동,"1122054",106163.26,22261.137,0.210,"401",서초
인구밀집지역,POI019,구로디지털단지역,"1121072040004",조원동,"1121072",31293.87,19258.567,0.615,"417",금천
인구밀집지역,POI019,구로디지털단지역,"1117054010002",구로3동,"1117054",158768.71,90178.402,0.568,"417",금천
인구밀집지역,POI019,구로디지털단지역,"1117054020006",구로3동,"1117054",144692.21,96635.192,0.668,"417",금천
인구밀집지역,POI019,구로디지털단지역,"1117054030002",구로3동,"1117054",102853.42,71958.926,0.700,"417",금천
인구밀집지역,POI019,구로디지털단지역,"1117054030001",구로3동,"1117054",64137.39,50439.666,0.786,"417",금천
인구밀집지역,POI019,구로디지털단지역,"1117054040011",구로3동,"1117054",9009.24,9004.969,1.000,"417",금천
인구밀집지역,POI019,구로디지털단지역,"1117054040008",구로3동,"1117054",14498.38,14498.375,1.000,"417",금천
인구밀집지역,POI019,구로디지털단지역,"1117054040009",구로3동,"1117054",9797.66,9797.660,1.000,"417",금천
인구밀집지역,POI019,구로디지털단지역,"1117054040004",구로3동,"1117054",165152.41,154996.647,0.939,"417",금천
인구밀집지역,POI020,구로역,"1117051030201",신도림동,"1117051",8502.30,8064.254,0.948,"405",양천
인구밀집지역,POI020,구로역,"1117056020011",구로5동,"1117056",75988.13,70353.590,0.926,"405",양천
인구밀집지역,POI021,군자역,"1105054010001",군자동,"1105054",21026.49,21026.495,1.000,"413",광진
인구밀집지역,POI021,군자역,"1105054010002",군자동,"1105054",11275.68,5514.232,0.489,"413",광진
인구밀집지역,POI021,군자역,"1105054030003",군자동,"1105054",18084.96,13762.319,0.761,"413",광진
인구밀집지역,POI021,군자역,"1105054030009",군자동,"1105054",22482.23,22482.229,1.000,"413",광진
인구밀집지역,POI021,군자역,"1105055020004",중곡1동,"1105055",31768.97,20565.384,0.647,"413",광진
인구밀집지역,POI021,군자역,"1105056020032",중곡2동,"1105056",12193.43,10752.708,0.882,"413",광진
인구밀집지역,POI021,군자역,"1105056020028",중곡2동,"1105056",31883.69,31883.685,1.000,"413",광진
인구밀집지역,POI021,군자역,"1105056020007",중곡2동,"1105056",12531.76,6731.834,0.537,"413",광진
인구밀집지역,POI021,군자역,"1105056020003",중곡2동,"1105056",15289.48,4997.848,0.327,"413",광진
인구밀집지역,POI021,군자역,"1105059010019",능동,"1105059",51188.28,40490.607,0.791,"413",광진
인구밀집지역,POI021,군자역,"1105059010013",능동,"1105059",17865.94,17803.075,0.996,"413",광진
인구밀집지역,POI021,군자역,"1105059010012",능동,"1105059",21877.42,16401.601,0.750,"413",광진
인구밀집지역,POI021,군자역,"1105059010014",능동,"1105059",9463.71,1594.617,0.168,"413",광진
인구밀집지역,POI021,군자역,"1105059010016",능동,"1105059",16501.03,6364.268,0.386,"413",광진
인구밀집지역,POI022,남구로역,"1117054020006",구로3동,"1117054",144692.21,4230.300,0.029,"437",광명
인구밀집지역,POI022,남구로역,"1117054020005",구로3동,"1117054",17613.93,8531.092,0.484,"437",광명
인구밀집지역,POI022,남구로역,"1117054020003",구로3동,"1117054",17074.77,5428.764,0.318,"437",광명
인구밀집지역,POI022,남구로역,"1117054020001",구로3동,"1117054",17989.98,17989.978,1.000,"437",광명
인구밀집지역,POI022,남구로역,"1117054020104",구로3동,"1117054",4140.07,3606.387,0.871,"437",광명
인구밀집지역,POI022,남구로역,"1117054020105",구로3동,"1117054",842.85,842.847,1.000,"437",광명
인구밀집지역,POI022,남구로역,"1117054020103",구로3동,"1117054",6444.36,6444.362,1.000,"437",광명
인구밀집지역,POI022,남구로역,"1117054020101",구로3동,"1117054",6096.91,6096.159,1.000,"437",광명
인구밀집지역,POI022,남구로역,"1117055020004",구로4동,"1117055",7663.40,7543.580,0.984,"437",광명
인구밀집지역,POI022,남구로역,"1117055020002",구로4동,"1117055",7872.04,2807.189,0.357,"437",광명
인구밀집지역,POI022,남구로역,"1117055020001",구로4동,"1117055",12055.91,10980.849,0.911,"437",광명
인구밀집지역,POI022,남구로역,"1117055020009",구로4동,"1117055",6806.53,6794.283,0.998,"437",광명
인구밀집지역,POI022,남구로역,"1117055020012",구로4동,"1117055",3778.34,916.759,0.243,"437",광명
인구밀집지역,POI022,남구로역,"1117055020101",구로4동,"1117055",7134.26,2130.019,0.299,"437",광명
인구밀집지역,POI022,남구로역,"1117055020104",구로4동,"1117055",3504.36,2392.582,0.683,"437",광명
인구밀집지역,POI022,남구로역,"1117070010011",가리봉동,"1117070",13778.49,4639.941,0.337,"437",광명
인구밀집지역,POI022,남구로역,"1117070010013",가리봉동,"1117070",14035.33,13272.112,0.946,"437",광명
인구밀집지역,POI022,남구로역,"1117070010009",가리봉동,"1117070",26210.51,26210.492,1.000,"437",광명
인구밀집지역,POI022,남구로역,"1117070010019",가리봉동,"1117070",11882.04,4467.680,0.376,"437",광명
인구밀집지역,POI022,남구로역,"1117070010002",가리봉동,"1117070",44559.12,3642.393,0.082,"437",광명
인구밀집지역,POI022,남구로역,"1117070010005",가리봉동,"1117070",17467.37,17361.795,0.994,"437",광명
인구밀집지역,POI022,남구로역,"1117054020102",구로3동,"1117054",6406.31,6406.311,1.000,"437",광명
인구밀집지역,POI022,남구로역,"1117054020004",구로3동,"1117054",7544.05,7543.967,1.000,"437",광명
인구밀집지역,POI022,남구로역,"1117055020103",구로4동,"1117055",4724.86,1358.456,0.288,"437",광명
인구밀집지역,POI023,대림역,"1119071010004",대림2동,"1119071",21944.64,21944.637,1.000,"410",기상청
인구밀집지역,POI023,대림역,"1119071010007",대림2동,"1119071",30644.95,30644.953,1.000,"410",기상청
인구밀집지역,POI023,대림역,"1119071010010",대림2동,"1119071",19217.35,7814.733,0.407,"410",기상청
인구밀집지역,POI023,대림역,"1119071010009",대림2동,"1119071",16346.16,8328.719,0.510,"410",기상청
인구밀집지역,POI023,대림역,"1119071010008",대림2동,"1119071",48932.02,10747.157,0.220,"410",기상청
인구밀집지역,POI023,대림역,"1119071010001",대림2동,"1119071",20868.79,20868.792,1.000,"410",기상청
인구밀집지역,POI023,대림역,"1119071010002",대림2동,"1119071",18710.97,13264.697,0.709,"410",기상청
인구밀집지역,POI023,대림역,"1119072050004",대림3동,"1119072",40547.25,1988.769,0.049,"410",기상청
인구밀집지역,POI023,대림역,"1119072050007",대림3동,"1119072",31287.83,31287.826,1.000,"410",기상청
인구밀집지역,POI023,대림역,"1119072050001",대림3동,"1119072",56366.37,56366.295,1.000,"410",기상청
인구밀집지역,POI023,대림역,"1119072050003",대림3동,"1119072",14375.63,14373.534,1.000,"410",기상청
인구밀집지역,POI023,대림역,"1119072050008",대림3동,"1119072",10024.29,7068.351,0.705,"410",기상청
인구밀집지역,POI023,대림역,"1119072050201",대림3동,"1119072",3029.96,3029.960,1.000,"410",기상청
인구밀집지역,POI023,대림역,"1117054010002",구로3동,"1117054",158768.71,15447.490,0.097,"410",기상청
인구밀집지역,POI023,대림역,"1117054010001",구로3동,"1117054",31603.40,31603.379,1.000,"410",기상청
인구밀집지역,POI023,대림역,"1117054010701",구로3동,"1117054",7290.68,7290.679,1.000,"410",기상청
인구밀집지역,POI023,대림역,"1117054010703",구로3동,"1117054",3993.79,3993.790,1.000,"410",기상청
인구밀집지역,POI023,대림역,"1117054010702",구로3동,"1117054",4103.47,4103.431,1.000,"410",기상청
인구밀집지역,POI023,대림역,"1117055010003",구로4동,"1117055",18613.06,18576.153,0.998,"410",기상청
인구밀집지역,POI023,대림역,"1117055010002",구로4동,"1117055",14213.83,14182.334,0.998,"410",기상청
인구밀집지역,POI023,대림역,"1117055010005",구로4동,"1117055",21176.75,21170.497,1.000,"410",기상청
인구밀집지역,POI023,대림역,"1117055010004",구로4동,"1117055",22412.46,22412.462,1.000,"410",기상청
인구밀집지역,POI023,대림역,"1117055010006",구로4동,"1117055",84135.34,23952.105,0.285,"410",기상청
인구밀집지역,POI023,대림역,"1117055010701",구로4동,"1117055",6060.65,6060.648,1.000,"410",기상청
인구밀집지역,POI023,대림역,"1117055011001",구로4동,"1117055",7034.77,7034.771,1.000,"410",기상청
인구밀집지역,POI023,대림역,"1117055011002",구로4동,"1117055",11979.10,11979.099,1.000,"410",기상청
인구밀집지역,POI024,동대문역,"1101063010002",종로5·6가동,"1101063",46466.33,20135.822,0.433,,
인구밀집지역,POI024,동대문역,"1101063030002",종로5·6가동,"1101063",109287.71,24953.748,0.228,,
인구밀집지역,POI024,동대문역,"1101063040001",종로5·6가동,"1101063",127139.16,46424.647,0.365,,
인구밀집지역,POI024,동대문역,"1101067020001",창신1동,"1101067",53325.70,32404.116,0.608,,
인구밀집지역,POI024,동대문역,"1101067020002",창신1동,"1101067",46936.16,25459.699,0.542,,
인구밀집지역,POI024,동대문역,"1101068010009",창신2동,"1101068",12385.86,11186.048,0.903,,
인구밀집지역,POI024,동대문역,"1101068010007",창신2동,"1101068",15795.72,12538.079,0.794,,
인구밀집지역,POI024,동대문역,"1101068010011",창신2동,"1101068",24022.70,24022.696,1.000,,
인구밀집지역,POI025,뚝섬역,"1104066010003",성수1가2동,"1104066",17395.51,9736.154,0.560,"421",성동
인구밀집지역,POI025,뚝섬역,"1104066010002",성수1가2동,"1104066",15948.99,15948.987,1.000,"421",성동
인구밀집지역,POI025,뚝섬역,"1104066010005",성수1가2동,"1104066",9133.00,9132.999,1.000,"421",성동
인구밀집지역,POI025,뚝섬역,"1104066010004",성수1가2동,"1104066",32543.71,8476.451,0.260,"421",성동
인구밀집지역,POI025,뚝섬역,"1104066010007",성수1가2동,"1104066",22139.13,22129.656,1.000,"421",성동
인구밀집지역,POI025,뚝섬역,"1104066010006",성수1가2동,"1104066",34832.28,14338.633,0.412,"421",성동
인구밀집지역,POI025,뚝섬역,"1104066010009",성수1가2동,"1104066",58972.64,22588.129,0.383,"421",성동
인구밀집지역,POI025,뚝섬역,"1104066010010",성수1가2동,"1104066",14559.86,3283.829,0.226,"421",성동
인구밀집지역,POI025,뚝섬역,"1104066010104",성수1가2동,"1104066",6821.39,6821.380,1.000,"421",성동
인구밀집지역,POI025,뚝섬역,"1104066010101",성수1가2동,"1104066",3633.84,3633.841,1.000,"421",성동
인구밀집지역,POI025,뚝섬역,"1104066010103",성수1가2동,"1104066",6814.61,6814.614,1.000,"421",성동
인구밀집지역,POI025,뚝섬역,"1104066010102",성수1가2동,"1104066",5441.90,5441.899,1.000,"421",성동
인구밀집지역,POI025,뚝섬역,"1104066010401",성수1가2동,"1104066",5676.21,5676.206,1.000,"421",성동
인구밀집지역,POI025,뚝섬역,"1104066010402",성수1가2동,"1104066",5656.47,5656.472,1.000,"421",성동
인구밀집지역,POI025,뚝섬역,"1104066010501",성수1가2동,"1104066",4551.83,4551.826,1.000,"421",성동
인구밀집지역,POI025,뚝섬역,"1104066010601",성수1가2동,"1104066",16220.30,16218.831,1.000,"421",성동
인구밀집지역,POI025,뚝섬역,"1104066020005",성수1가2동,"1104066",11129.01,11129.007,1.000,"421",성동
인구밀집지역,POI025,뚝섬역,"1104066020003",성수1가2동,"1104066",24922.77,24922.770,1.000,"421",성동
인구밀집지역,POI025,뚝섬역,"1104066020001",성수1가2동,"1104066",13747.39,13747.391,1.000,"421",성동
인구밀집지역,POI025,뚝섬역,"1104066020008",성수1가2동,"1104066",26702.95,26701.835,1.000,"421",성동
인구밀집지역,POI025,뚝섬역,"1104066020101",성수1가2동,"1104066",10277.65,3190.553,0.310,"421",성동
인구밀집지역,POI025,뚝섬역,"1104066030002",성수1가2동,"1104066",36428.33,36428.318,1.000,"421",성동
인구밀집지역,POI025,뚝섬역,"1104066030001",성수1가2동,"1104066",55406.71,11762.593,0.212,"421",성동
인구밀집지역,POI026,미아사거리역,"1109071040004",송중동,"1109071",46246.22,46246.220,1.000,"414",성북
인구밀집지역,POI026,미아사거리역,"1109071040005",송중동,"1109071",13886.17,9495.522,0.684,"414",성북
인구밀집지역,POI026,미아사거리역,"1109071040007",송중동,"1109071",61775.80,61775.804,1.000,"414",성북
인구밀집지역,POI026,미아사거리역,"1109071040009",송중동,"1109071",9897.12,677.027,0.068,"414",성북
인구밀집지역,POI026,미아사거리역,"1109071040001",송중동,"1109071",23881.97,18551.089,0.777,"414",성북
인구밀집지역,POI026,미아사거리역,"1109071040002",송중동,"1109071",8805.65,3400.792,0.386,"414",성북
인구밀집지역,POI026,미아사거리역,"1109071040003",송중동,"1109071",19212.77,19212.767,1.000,"414",성북
인구밀집지역,POI026,미아사거리역,"1109071040012",송중동,"1109071",14850.15,14850.153,1.000,"414",성북
인구밀집지역,POI026,미아사거리역,"1109071040008",송중동,"1109071",12625.46,8631.425,0.684,"414",성북
인구밀집지역,POI026,미아사거리역,"1109072040010",송천동,"1109072",30890.10,15093.718,0.489,"414",성북
인구밀집지역,POI026,미아사거리역,"1109072050002",송천동,"1109072",72395.46,38629.336,0.534,"414",성북
인구밀집지역,POI026,미아사거리역,"1108068010004",길음2동,"1108068",81427.10,31061.520,0.381,"414",성북
인구밀집지역,POI026,미아사거리역,"1108068010003",길음2동,"1108068",41124.03,31931.629,0.776,"414",성북
인구밀집지역,POI026,미아사거리역,"1108068020001",길음2동,"1108068",50930.03,6337.406,0.124,"414",성북
인구밀집지역,POI026,미아사거리역,"1108071050002",월곡1동,"1108071",83512.68,12964.127,0.155,"414",성북
인구밀집지역,POI027,발산역,"1116054040001",등촌3동,"1116054",180763.36,127029.336,0.703,"404",강서
인구밀집지역,POI027,발산역,"1116064050004",가양1동,"1116064",101749.29,101749.286,1.000,"404",강서
인구밀집지역,POI027,발산역,"1116064050007",가양1동,"1116064",44280.10,14375.888,0.325,"404",강서
인구밀집지역,POI027,발산역,"1116067010013",발산1동,"1116067",364958.78,24410.874,0.067,"404",강서
인구밀집지역,POI027,발산역,"1116074010004",우장산동,"1116074",134420.27,78607.113,0.585,"404",강서
인구밀집지역,POI027,발산역,"1116074010001",우장산동,"1116074",11412.12,9946.687,0.872,"404",강서
인구밀집지역,POI027,발산역,"1116074010203",우장산동,"1116074",10969.76,2188.037,0.199,"404",강서
인구밀집지역,POI027,발산역,"1116074010204",우장산동,"1116074",7134.06,383.674,0.054,"404",강서
인구밀집지역,POI027,발산역,"1116074010210",우장산동,"1116074",10167.19,3883.066,0.382,"404",강서
인구밀집지역,POI027,발산역,"1116074010214",우장산동,"1116074",5120.43,1002.458,0.196,"404",강서
인구밀집지역,POI028,북한산우이역,"1109074010008",우이동,"1109074",35011.57,35011.570,1.000,"406",도봉
인구밀집지역,POI028,북한산우이역,"1109074010002",우이동,"1109074",17082.89,17082.888,1.000,"406",도봉
인구밀집지역,POI029,사당역,"1122063030010",방배2동,"1122063",7978.07,7977.148,1.000,"425",남현
인구밀집지역,POI029,사당역,"1122063030007",방배2동,"1122063",64856.47,43538.915,0.671,"425",남현
인구밀집지역,POI029,사당역,"1122063030005",방배2동,"1122063",66328.10,44422.899,0.670,"425",남현
인구밀집지역,POI029,사당역,"1122063030004",방배2동,"1122063",11667.84,2651.900,0.227,"425",남현
인구밀집지역,POI029,사당역,"1122063030002",방배2동,"1122063",15990.07,15990.069,1.000,"425",남현
인구밀집지역,POI029,사당역,"1122063030001",방배2동,"1122063",12050.61,12011.776,0.997,"425",남현
인구밀집지역,POI029,사당역,"1121063020013",남현동,"1121063",7117.50,7078.600,0.995,"425",남현
인구밀집지역,POI029,사당역,"1121063020002",남현동,"1121063",15725.29,6292.284,0.400,"425",남현
인구밀집지역,POI029,사당역,"1121063020015",남현동,"1121063",31438.33,10235.814,0.326,"425",남현
인구밀집지역,POI029,사당역,"1121063020010",남현동,"1121063",8301.04,8301.040,1.000,"425",남현
인구밀집지역,POI029,사당역,"1121063020011",남현동,"1121063",40613.30,40566.555,0.999,"425",남현
인구밀집지역,POI029,사당역,"1120063010001",사당1동,"1120063",12550.11,7013.727,0.559,"425",남현
인구밀집지역,POI029,사당역,"1120063010002",사당1동,"1120063",34506.03,28705.254,0.832,"425",남현
인구밀집지역,POI029,사당역,"1120063010005",사당1동,"1120063",15512.14,15509.785,1.000,"425",남현
인구밀집지역,POI029,사당역,"1120063010006",사당1동,"1120063",13523.75,13523.748,1.000,"425",남현
인구밀집지역,POI029,사당역,"1120063010010",사당1동,"1120063",11711.70,11708.944,1.000,"425",남현
인구밀집지역,POI029,사당역,"1120063010012",사당1동,"1120063",11891.99,11891.987,1.000,"425",남현
인구밀집지역,POI029,사당역,"1120063010009",사당1동,"1120063",27323.93,13326.738,0.488,"425",남현
인구밀집지역,POI029,사당역,"1120063010008",사당1동,"1120063",11060.26,3249.078,0.294,"425",남현
인구밀집지역,POI029,사당역,"1120063010014",사당1동,"1120063",40646.43,40646.427,1.000,"425",남현
인구밀집지역,POI030,삼각지역,"1103073010202",한강로동,"1103073",14235.70,7652.140,0.538,"415",용산
인구밀집지역,POI030,삼각지역,"1103073010201",한강로동,"1103073",12557.90,1826.979,0.145,"415",용산
인구밀집지역,POI030,삼각지역,"1103073020003",한강로동,"1103073",254749.16,15768.757,0.062,"415",용산
인구밀집지역,POI030,삼각지역,"1103073030005",한강로동,"1103073",68814.15,28052.004,0.408,"415",용산
인구밀집지역,POI030,삼각지역,"1103073030004",한강로동,"1103073",921685.39,8365.282,0.010,"415",용산
인구밀집지역,POI031,서울대입구역,"1121057020004",행운동,"1121057",14014.10,8246.821,0.588,"509",관악
인구밀집지역,POI031,서울대입구역,"1121057020005",행운동,"1121057",11917.12,2185.216,0.183,"509",관악
인구밀집지역,POI031,서울대입구역,"1121057020001",행운동,"1121057",60349.01,33819.687,0.560,"509",관악
인구밀집지역,POI031,서울대입구역,"1121058010004",낙성대동,"1121058",13901.47,13897.801,1.000,"509",관악
인구밀집지역,POI031,서울대입구역,"1121058010007",낙성대동,"1121058",28966.52,28960.378,1.000,"509",관악
인구밀집지역,POI031,서울대입구역,"1121058010019",낙성대동,"1121058",8335.72,8335.585,1.000,"509",관악
인구밀집지역,POI031,서울대입구역,"1121058010018",낙성대동,"1121058",20561.30,11148.580,0.542,"509",관악
인구밀집지역,POI031,서울대입구역,"1121058010101",낙성대동,"1121058",8746.59,8746.587,1.000,"509",관악
인구밀집지역,POI031,서울대입구역,"1121061010009",중앙동,"1121061",28843.96,5053.637,0.175,"509",관악
인구밀집지역,POI031,서울대입구역,"1121061010004",중앙동,"1121061",15012.21,2170.446,0.145,"509",관악
인구밀집지역,POI031,서울대입구역,"1121061010701",중앙동,"1121061",5356.85,5356.854,1.000,"509",관악
인구밀집지역,POI031,서울대입구역,"1121061020001",중앙동,"1121061",9472.51,9471.423,1.000,"509",관악
인구밀집지역,POI031,서울대입구역,"1121061020002",중앙동,"1121061",10652.01,10652.005,1.000,"509",관악
인구밀집지역,POI031,서울대입구역,"1121080010030",청룡동,"1121080",9137.02,9137.024,1.000,"509",관악
인구밀집지역,POI031,서울대입구역,"1121080010019",청룡동,"1121080",6766.21,6766.209,1.000,"509",관악
인구밀집지역,POI031,서울대입구역,"1121080010005",청룡동,"1121080",29602.92,29602.924,1.000,"509",관악
인구밀집지역,POI031,서울대입구역,"1121080010301",청룡동,"1121080",1860.47,1860.472,1.000,"509",관악
인구밀집지역,POI031,서울대입구역,"1121080011201",청룡동,"1121080",11219.12,8669.499,0.773,"509",관악
인구밀집지역,POI032,서울식물원·마곡나루역,"1116064050003",가양1동,"1116064",1364937.27,512489.361,0.375,"404",강서
인구밀집지역,POI032,서울식물원·마곡나루역,"1116070050206",방화1동,"1116070",117290.55,78863.717,0.672,"404",강서
인구밀집지역,POI033,서울역,"1102054020001",회현동,"1102054",45128.08,45123.582,1.000,"419",중구
인구밀집지역,POI033,서울역,"1102054030001",회현동,"1102054",139267.25,139258.544,1.000,"419",중구
인구밀집지역,POI033,서울역,"1102054040001",회현동,"1102054",76379.68,76376.619,1.000,"419",중구
인구밀집지역,POI033,서울역,"1102054060001",회현동,"1102054",115247.45,115242.362,1.000,"419",중구
인구밀집지역,POI034,선릉역,"1123059030006",삼성2동,"1123059",21469.33,7175.346,0.334,"401",서초
인구밀집지역,POI034,선릉역,"1123059030004",삼성2동,"1123059",273853.98,261252.762,0.954,"401",서초
인구밀집지역,POI034,선릉역,"1123059030002",삼성2동,"1123059",76044.12,76044.122,1.000,"401",서초
인구밀집지역,POI034,선릉역,"1123059030001",삼성2동,"1123059",72669.54,56827.535,0.782,"401",서초
인구밀집지역,POI034,선릉역,"1123063010003",대치4동,"1123063",61827.13,52490.646,0.849,"401",서초
인구밀집지역,POI034,선릉역,"1123063010002",대치4동,"1123063",67027.88,67027.881,1.000,"401",서초
인구밀집지역,POI034,선릉역,"1123063010005",대치4동,"1123063",12291.35,5231.774,0.426,"401",서초
인구밀집지역,POI034,선릉역,"1123063010004",대치4동,"1123063",8977.72,6591.900,0.734,"401",서초
인구밀집지역,POI034,선릉역,"1123063010011",대치4동,"1123063",19969.81,19969.815,1.000,"401",서초
인구밀집지역,POI034,선릉역,"1123063010009",대치4동,"1123063",31391.61,31391.574,1.000,"401",서초
인구밀집지역,POI034,선릉역,"1123063010301",대치4동,"1123063",6508.52,6508.516,1.000,"401",서초
인구밀집지역,POI034,선릉역,"1123063010701",대치4동,"1123063",2090.06,2090.056,1.000,"401",서초
인구밀집지역,POI034,선릉역,"1123064010008",역삼1동,"1123064",49672.54,4912.963,0.099,"401",서초
인구밀집지역,POI034,선릉역,"1123064010001",역삼1동,"1123064",85017.80,85017.123,1.000,"401",서초
인구밀집지역,POI034,선릉역,"1123064010004",역삼1동,"1123064",59276.89,39727.309,0.670,"401",서초
인구밀집지역,POI034,선릉역,"1123065010001",역삼2동,"1123065",77825.87,77825.024,1.000,"401",서초
인구밀집지역,POI035,성신여대입구역,"1108082010001",삼선동,"1108082",45744.62,8651.347,0.189,"414",성북
인구밀집지역,POI035,성신여대입구역,"1108082010002",삼선동,"1108082",38851.77,19244.124,0.495,"414",성북
인구밀집지역,POI035,성신여대입구역,"1108083010005",동선동,"1108083",26408.06,15947.763,0.604,"414",성북
인구밀집지역,POI035,성신여대입구역,"1108083010004",동선동,"1108083",14524.06,2803.941,0.193,"414",성북
인구밀집지역,POI035,성신여대입구역,"1108083020005",동선동,"1108083",25257.41,4548.332,0.180,"414",성북
인구밀집지역,POI035,성신여대입구역,"1108083020003",동선동,"1108083",17797.77,10351.596,0.582,"414",성북
인구밀집지역,POI035,성신여대입구역,"1108083020001",동선동,"1108083",41913.27,4635.153,0.111,"414",성북
인구밀집지역,POI035,성신여대입구역,"1108083040004",동선동,"1108083",42739.81,20571.897,0.481,"414",성북
인구밀집지역,POI035,성신여대입구역,"1108083040001",동선동,"1108083",23096.38,12131.081,0.525,"414",성북
인구밀집지역,POI035,성신여대입구역,"1108083040003",동선동,"1108083",55942.60,18487.524,0.330,"414",성북
인구밀집지역,POI036,수유역,"1109065010011",수유3동,"1109065",11017.04,11015.378,1.000,"424",강북
인구밀집지역,POI036,수유역,"1109065010010",수유3동,"1109065",23156.85,23153.974,1.000,"424",강북
인구밀집지역,POI036,수유역,"1109065010013",수유3동,"1109065",12494.19,12494.194,1.000,"424",강북
인구밀집지역,POI036,수유역,"1109065010012",수유3동,"1109065",11910.84,11908.286,1.000,"424",강북
인구밀집지역,POI036,수유역,"1109065010015",수유3동,"1109065",14622.40,14622.393,1.000,"424",강북
인구밀집지역,POI036,수유역,"1109065010014",수유3동,"1109065",13931.36,13931.358,1.000,"424",강북
인구밀집지역,POI036,수유역,"1109065010009",수유3동,"1109065",19080.41,19080.179,1.000,"424",강북
인구밀집지역,POI036,수유역,"1109065010008",수유3동,"1109065",16012.73,16011.370,1.000,"424",강북
인구밀집지역,POI036,수유역,"1109065010001",수유3동,"1109065",18811.60,18811.605,1.000,"424",강북
인구밀집지역,POI036,수유역,"1109065010003",수유3동,"1109065",27149.96,27149.959,1.000,"424",강북
인구밀집지역,POI036,수유역,"1109065010004",수유3동,"1109065",23643.41,23643.063,1.000,"424",강북
인구밀집지역,POI036,수유역,"1109065010006",수유3동,"1109065",11786.32,11783.972,1.000,"424",강북
인구밀집지역,POI036,수유역,"1109065020006",수유3동,"1109065",25298.31,25295.442,1.000,"424",강북
인구밀집지역,POI036,수유역,"1109065020007",수유3동,"1109065",23433.36,23432.418,1.000,"424",강북
인구밀집지역,POI036,수유역,"1109065020004",수유3동,"1109065",16647.64,16647.638,1.000,"424",강북
인구밀집지역,POI036,수유역,"1109065020005",수유3동,"1109065",14352.09,14352.089,1.000,"424",강북
인구밀집지역,POI036,수유역,"1109065020002",수유3동,"1109065",49398.10,49394.740,1.000,"424",강북
인구밀집지역,POI036,수유역,"1109065020003",수유3동,"1109065",15638.93,15635.676,1.000,"424",강북
인구밀집지역,POI036,수유역,"1109065020001",수유3동,"1109065",28780.20,28775.619,1.000,"424",강북
인구밀집지역,POI037,신논현역·논현역,"1123052030008",논현1동,"1123052",29475.60,8423.589,0.286,"401",서초
인구밀집지역,POI037,신논현역·논현역,"1123052030007",논현1동,"1123052",19173.52,9074.858,0.473,"401",서초
인구밀집지역,POI037,신논현역·논현역,"1123052030006",논현1동,"1123052",65596.19,60060.750,0.916,"401",서초
인구밀집지역,POI037,신논현역·논현역,"1123052030005",논현1동,"1123052",24878.05,19545.168,0.786,"401",서초
인구밀집지역,POI037,신논현역·논현역,"1123052030004",논현1동,"1123052",46090.47,26613.338,0.577,"401",서초
인구밀집지역,POI037,신논현역·논현역,"1123052030001",논현1동,"1123052",14995.77,14995.765,1.000,"401",서초
인구밀집지역,POI037,신논현역·논현역,"1122057020015",반포1동,"1122057",11985.79,7785.103,0.650,"401",서초
인구밀집지역,POI037,신논현역·논현역,"1122057020006",반포1동,"1122057",51319.28,35326.163,0.688,"401",서초
인구밀집지역,POI038,신도림역,"1117051030003",신도림동,"1117051",63002.08,63002.080,1.000,"405",양천
인구밀집지역,POI039,신림역,"1121064010001",서원동,"1121064",4288.31,4288.311,1.000,"410",기상청
인구밀집지역,POI039,신림역,"1121064010002",서원동,"1121064",55738.08,55738.066,1.000,"410",기상청
인구밀집지역,POI039,신림역,"1121064020020",서원동,"1121064",21659.69,21642.981,0.999,"410",기상청
인구밀집지역,POI039,신림역,"1121069020008",신림동,"1121069",7632.31,803.100,0.105,"410",기상청
인구밀집지역,POI039,신림역,"1121069020009",신림동,"1121069",37030.68,23931.649,0.646,"410",기상청
인구밀집지역,POI039,신림역,"1121069020004",신림동,"1121069",12631.79,6382.472,0.505,"410",기상청
인구밀집지역,POI039,신림역,"1121069020002",신림동,"1121069",8471.05,8471.051,1.000,"410",기상청
인구밀집지역,POI039,신림역,"1121069020003",신림동,"1121069",27071.52,27070.251,1.000,"410",기상청
인구밀집지역,POI039,신림역,"1121069030012",신림동,"1121069",7163.26,5589.190,0.780,"410",기상청
인구밀집지역,POI039,신림역,"1121069030008",신림동,"1121069",21475.69,21450.825,0.999,"410",기상청
인구밀집지역,POI039,신림역,"1121069030004",신림동,"1121069",15925.64,15924.541,1.000,"410",기상청
인구밀집지역,POI039,신림역,"1121069030001",신림동,"1121069",19444.90,19444.902,1.000,"410",기상청
인구밀집지역,POI039,신림역,"1121069030901",신림동,"1121069",2444.31,2444.311,1.000,"410",기상청
인구밀집지역,POI040,신촌·이대역,"1114060010005",대흥동,"1114060",66050.04,66041.235,1.000,"411",마포
인구밀집지역,POI040,신촌·이대역,"1114066070001",서교동,"1114066",43052.22,43040.242,1.000,"411",마포
인구밀집지역,POI040,신촌·이대역,"1113075020002",신촌동,"1113075",29389.35,29385.861,1.000,"411",마포
인구밀집지역,POI040,신촌·이대역,"1113075020004",신촌동,"1113075",43193.06,43188.705,1.000,"411",마포
인구밀집지역,POI040,신촌·이대역,"1113075030011",신촌동,"1113075",26692.96,26690.865,1.000,"411",마포
인구밀집지역,POI040,신촌·이대역,"1113075030010",신촌동,"1113075",63671.54,63661.726,1.000,"411",마포
인구밀집지역,POI040,신촌·이대역,"1113075040005",신촌동,"1113075",50028.95,50028.948,1.000,"411",마포
인구밀집지역,POI040,신촌·이대역,"1113075040006",신촌동,"1113075",21968.05,21965.022,1.000,"411",마포
인구밀집지역,POI040,신촌·이대역,"1113075040001",신촌동,"1113075",85821.21,85815.558,1.000,"411",마포
인구밀집지역,POI040,신촌·이대역,"1113075040002",신촌동,"1113075",16757.61,16757.606,1.000,"411",마포
인구밀집지역,POI040,신촌·이대역,"1113075040003",신촌동,"1113075",26500.25,26500.253,1.000,"411",마포
인구밀집지역,POI040,신촌·이대역,"1113075040004",신촌동,"1113075",8418.06,8418.064,1.000,"411",마포
인구밀집지역,POI040,신촌·이대역,"1113075040101",신촌동,"1113075",3316.54,3316.416,1.000,"411",마포
인구밀집지역,POI041,양재역,"1123066020004",도곡1동,"1123066",13104.40,13104.402,1.000,"401",서초
인구밀집지역,POI041,양재역,"1123066020002",도곡1동,"1123066",15970.16,15970.108,1.000,"401",서초
인구밀집지역,POI041,양재역,"1123066020003",도곡1동,"1123066",45612.31,16962.213,0.372,"401",서초
인구밀집지역,POI041,양재역,"1123066020001",도곡1동,"1123066",25351.27,25185.118,0.993,"401",서초
인구밀집지역,POI041,양재역,"1123066020008",도곡1동,"1123066",32669.58,32669.584,1.000,"401",서초
인구밀집지역,POI041,양재역,"1123066020010",도곡1동,"1123066",43135.77,10049.153,0.233,"401",서초
인구밀집지역,POI041,양재역,"1122052060002",서초2동,"1122052",62560.08,56287.706,0.900,"401",서초
인구밀집지역,POI041,양재역,"1122052060003",서초2동,"1122052",72377.51,7343.199,0.101,"401",서초
인구밀집지역,POI041,양재역,"1122052060001",서초2동,"1122052",31204.12,20909.852,0.670,"401",서초
인구밀집지역,POI041,양재역,"1122052060301",서초2동,"1122052",13607.15,13607.146,1.000,"401",서초
인구밀집지역,POI041,양재역,"1122052070001",서초2동,"1122052",231685.62,2669.670,0.012,"401",서초
인구밀집지역,POI041,양재역,"1122066010001",양재1동,"1122066",511160.22,26474.039,0.052,"401",서초
인구밀집지역,POI041,양재역,"1122066020012",양재1동,"1122066",46572.46,13448.367,0.289,"401",서초
인구밀집지역,POI041,양재역,"1122066020006",양재1동,"1122066",32709.69,32709.683,1.000,"401",서초
인구밀집지역,POI041,양재역,"1122066020014",양재1동,"1122066",13695.14,1122.969,0.082,"401",서초
인구밀집지역,POI042,역삼역,"1123064020003",역삼1동,"1123064",94594.21,64979.521,0.687,"401",서초
인구밀집지역,POI042,역삼역,"1123064020008",역삼1동,"1123064",54620.74,27625.834,0.506,"401",서초
인구밀집지역,POI042,역삼역,"1123064030007",역삼1동,"1123064",55665.58,55665.580,1.000,"401",서초
인구밀집지역,POI042,역삼역,"1123064040004",역삼1동,"1123064",62642.30,62621.415,1.000,"401",서초
인구밀집지역,POI042,역삼역,"1123064040003",역삼1동,"1123064",71804.68,65429.073,0.911,"401",서초
인구밀집지역,POI042,역삼역,"1123065020006",역삼2동,"1123065",26255.51,11221.325,0.427,"401",서초
인구밀집지역,POI042,역삼역,"1123065020007",역삼2동,"1123065",159212.91,132955.748,0.835,"401",서초
인구밀집지역,POI042,역삼역,"1123065020005",역삼2동,"1123065",11457.77,1561.141,0.136,"401",서초
인구밀집지역,POI042,역삼역,"1123065020201",역삼2동,"1123065",4414.61,4414.614,1.000,"401",서초
인구밀집지역,POI042,역삼역,"1123065021101",역삼2동,"1123065",5057.24,5057.240,1.000,"401",서초
인구밀집지역,POI043,연신내역,"1112052020005",불광1동,"1112052",33850.78,33838.594,1.000,"540",고양
인구밀집지역,POI043,연신내역,"1112055030006",갈현1동,"1112055",37788.94,37786.137,1.000,"540",고양
인구밀집지역,POI043,연신내역,"1112056020001",갈현2동,"1112056",27192.90,27187.731,1.000,"540",고양
인구밀집지역,POI043,연신내역,"1112058010024",대조동,"1112058",21679.16,21677.320,1.000,"540",고양
인구밀집지역,POI043,연신내역,"1112058010003",대조동,"1112058",21528.11,21524.877,1.000,"540",고양
인구밀집지역,POI043,연신내역,"1112072010021",불광2동,"1112072",23079.91,23075.009,1.000,"540",고양
인구밀집지역,POI044,오목교역·목동운동장,"1115051010005",목1동,"1115051",2920.78,2920.778,1.000,"405",양천
인구밀집지역,POI044,오목교역·목동운동장,"1115051010004",목1동,"1115051",260077.27,201997.087,0.777,"405",양천
인구밀집지역,POI044,오목교역·목동운동장,"1115051010006",목1동,"1115051",318858.62,234859.919,0.737,"405",양천
인구밀집지역,POI044,오목교역·목동운동장,"1115051010001",목1동,"1115051",4489.09,4489.091,1.000,"405",양천
인구밀집지역,POI044,오목교역·목동운동장,"1115051010003",목1동,"1115051",215233.43,215220.784,1.000,"405",양천
인구밀집지역,POI044,오목교역·목동운동장,"1115051010002",목1동,"1115051",3435.06,3435.058,1.000,"405",양천
인구밀집지역,POI044,오목교역·목동운동장,"1115051010501",목1동,"1115051",8817.79,8817.791,1.000,"405",양천
인구밀집지역,POI044,오목교역·목동운동장,"1115051010601",목1동,"1115051",5966.28,5966.279,1.000,"405",양천
인구밀집지역,POI044,오목교역·목동운동장,"1115051010701",목1동,"1115051",7286.28,7286.277,1.000,"405",양천
인구밀집지역,POI044,오목교역·목동운동장,"1115051010703",목1동,"1115051",8541.22,8541.217,1.000,"405",양천
인구밀집지역,POI044,오목교역·목동운동장,"1115051010702",목1동,"1115051",8275.24,8275.239,1.000,"405",양천
인구밀집지역,POI044,오목교역·목동운동장,"1115051010802",목1동,"1115051",2941.67,2941.673,1.000,"405",양천
인구밀집지역,POI044,오목교역·목동운동장,"1115051010801",목1동,"1115051",3938.09,3938.085,1.000,"405",양천
인구밀집지역,POI044,오목교역·목동운동장,"1115051011101",목1동,"1115051",6115.61,6115.613,1.000,"405",양천
인구밀집지역,POI044,오목교역·목동운동장,"1115051011402",목1동,"1115051",14239.76,14239.758,1.000,"405",양천
인구밀집지역,POI044,오목교역·목동운동장,"1115051011401",목1동,"1115051",6889.52,6889.524,1.000,"405",양천
인구밀집지역,POI044,오목교역·목동운동장,"1115051020004",목1동,"1115051",43162.32,43041.893,0.997,"405",양천
인구밀집지역,POI044,오목교역·목동운동장,"1115051020003",목1동,"1115051",10244.07,10242.777,1.000,"405",양천
인구밀집지역,POI044,오목교역·목동운동장,"1115051020001",목1동,"1115051",30365.44,30365.436,1.000,"405",양천
인구밀집지역,POI044,오목교역·목동운동장,"1115051020205",목1동,"1115051",5423.04,5423.041,1.000,"405",양천
인구밀집지역,POI044,오목교역·목동운동장,"1115051020202",목1동,"1115051",6438.13,6438.128,1.000,"405",양천
인구밀집지역,POI044,오목교역·목동운동장,"1115051020203",목1동,"1115051",6292.64,6292.636,1.000,"405",양천
인구밀집지역,POI044,오목교역·목동운동장,"1115051020201",목1동,"1115051",4806.41,4806.405,1.000,"405",양천
인구밀집지역,POI044,오목교역·목동운동장,"1115051020206",목1동,"1115051",6716.99,6716.985,1.000,"405",양천
인구밀집지역,POI044,오목교역·목동운동장,"1115051020204",목1동,"1115051",6930.99,6930.991,1.000,"405",양천
인구밀집지역,POI044,오목교역·목동운동장,"1115051020501",목1동,"1115051",6967.04,6967.037,1.000,"405",양천
인구밀집지역,POI044,오목교역·목동운동장,"1115051020702",목1동,"1115051",4190.00,4189.997,1.000,"405",양천
인구밀집지역,POI044,오목교역·목동운동장,"1115051020701",목1동,"1115051",4876.45,4834.160,0.991,"405",양천
인구밀집지역,POI044,오목교역·목동운동장,"1115051020802",목1동,"1115051",13289.00,7814.286,0.588,"405",양천
인구밀집지역,POI044,오목교역·목동운동장,"1115051020801",목1동,"1115051",10187.13,5728.350,0.562,"405",양천
인구밀집지역,POI044,오목교역·목동운동장,"1115051021101",목1동,"1115051",10121.07,10103.010,0.998,"405",양천
인구밀집지역,POI044,오목교역·목동운동장,"1115051021202",목1동,"1115051",4550.72,4550.723,1.000,"405",양천
인구밀집지역,POI044,오목교역·목동운동장,"1115051021201",목1동,"1115051",2943.28,2943.276,1.000,"405",양천
인구밀집지역,POI044,오목교역·목동운동장,"1115071020002",목5동,"1115071",338371.26,43766.232,0.129,"405",양천
인구밀집지역,POI044,오목교역·목동운동장,"1115071020001",목5동,"1115071",96785.23,96732.566,0.999,"405",양천
인구밀집지역,POI044,오목교역·목동운동장,"1115071020101",목5동,"1115071",10631.64,10631.642,1.000,"405",양천
인구밀집지역,POI044,오목교역·목동운동장,"1115071020301",목5동,"1115071",4919.63,4919.627,1.000,"405",양천
인구밀집지역,POI044,오목교역·목동운동장,"1115071020401",목5동,"1115071",6095.26,6083.128,0.998,"405",양천
인구밀집지역,POI044,오목교역·목동운동장,"1115071020601",목5동,"1115071",10560.04,10515.180,0.996,"405",양천
인구밀집지역,POI044,오목교역·목동운동장,"1115071020701",목5동,"1115071",9690.25,9659.105,0.997,"405",양천
인구밀집지역,POI045,왕십리역,"1104054040001",마장동,"1104054",27729.86,27729.860,1.000,"421",성동
인구밀집지역,POI045,왕십리역,"1104054040002",마장동,"1104054",23004.61,23004.606,1.000,"421",성동
인구밀집지역,POI045,왕십리역,"1104054040003",마장동,"1104054",31403.51,31403.498,1.000,"421",성동
인구밀집지역,POI045,왕십리역,"1104054040201",마장동,"1104054",5765.33,5765.327,1.000,"421",성동
인구밀집지역,POI045,왕십리역,"1104054040301",마장동,"1104054",12062.16,12062.156,1.000,"421",성동
인구밀집지역,POI045,왕십리역,"1104054040302",마장동,"1104054",8925.20,8925.200,1.000,"421",성동
인구밀집지역,POI045,왕십리역,"1104054040501",마장동,"1104054",7481.71,7481.714,1.000,"421",성동
인구밀집지역,POI045,왕십리역,"1104054040502",마장동,"1104054",4024.52,4024.522,1.000,"421",성동
인구밀집지역,POI045,왕십리역,"1104055010004",사근동,"1104055",14749.35,14749.351,1.000,"421",성동
인구밀집지역,POI045,왕십리역,"1104055010001",사근동,"1104055",31283.56,31282.981,1.000,"421",성동
인구밀집지역,POI045,왕십리역,"1104055010003",사근동,"1104055",10329.03,10329.026,1.000,"421",성동
인구밀집지역,POI045,왕십리역,"1104055010002",사근동,"1104055",11465.25,11465.247,1.000,"421",성동
인구밀집지역,POI045,왕십리역,"1104055010005",사근동,"1104055",15035.39,15035.391,1.000,"421",성동
인구밀집지역,POI045,왕십리역,"1104056010001",행당1동,"1104056",133446.20,133441.231,1.000,"421",성동
인구밀집지역,POI045,왕십리역,"1104056010101",행당1동,"1104056",6404.98,6404.983,1.000,"421",성동
인구밀집지역,POI045,왕십리역,"1104056010103",행당1동,"1104056",17483.12,17483.122,1.000,"421",성동
인구밀집지역,POI045,왕십리역,"1104056010102",행당1동,"1104056",14772.11,14772.041,1.000,"421",성동
인구밀집지역,POI045,왕십리역,"1104056010201",행당1동,"1104056",3863.29,3863.290,1.000,"421",성동
인구밀집지역,POI045,왕십리역,"1104056010202",행당1동,"1104056",3002.61,3002.613,1.000,"421",성동
인구밀집지역,POI046,용산역,"1103057020001",원효로2동,"1103057",111700.82,44292.876,0.397,"415",용산
인구밀집지역,POI046,용산역,"1103064010001",이촌2동,"1103064",32264.97,7669.203,0.238,"415",용산
인구밀집지역,POI046,용산역,"1103072040003",원효로1동,"1103072",78311.94,23682.680,0.302,"415",용산
인구밀집지역,POI046,용산역,"1103073020003",한강로동,"1103073",254749.16,68937.529,0.271,"415",용산
인구밀집지역,POI046,용산역,"1103073020004",한강로동,"1103073",793427.05,735908.348,0.928,"415",용산
인구밀집지역,POI047,이태원역,"1103065010001",이태원1동,"1103065",55025.06,4511.676,0.082,"419",중구
인구밀집지역,POI047,이태원역,"1103065010002",이태원1동,"1103065",157155.10,39215.256,0.250,"419",중구
인구밀집지역,POI047,이태원역,"1103065020002",이태원1동,"1103065",43646.54,20897.497,0.479,"419",중구
인구밀집지역,POI047,이태원역,"1103065030001",이태원1동,"1103065",25276.82,5064.775,0.200,"419",중구
인구밀집지역,POI047,이태원역,"1103065030003",이태원1동,"1103065",29138.80,29135.633,1.000,"419",중구
인구밀집지역,POI047,이태원역,"1103065030002",이태원1동,"1103065",64968.06,15594.372,0.240,"419",중구
인구밀집지역,POI048,장지역,"1124069020004",문정2동,"1124069",59267.22,28268.796,0.477,"403",송파
인구밀집지역,POI048,장지역,"1124069020005",문정2동,"1124069",50395.29,50395.258,1.000,"403",송파
인구밀집지역,POI048,장지역,"1124069020001",문정2동,"1124069",990286.18,258074.512,0.261,"403",송파
인구밀집지역,POI048,장지역,"1124069020101",문정2동,"1124069",20392.32,20392.314,1.000,"403",송파
인구밀집지역,POI048,장지역,"1124069020102",문정2동,"1124069",19977.51,19962.485,0.999,"403",송파
인구밀집지역,POI048,장지역,"1124081020002",장지동,"1124081",127844.80,50336.665,0.394,"403",송파
인구밀집지역,POI049,장한평역,"1106087020008",장안1동,"1106087",33107.60,19629.348,0.593,"408",동대문
인구밀집지역,POI049,장한평역,"1106087020009",장안1동,"1106087",93251.50,21679.267,0.232,"408",동대문
인구밀집지역,POI049,장한평역,"1106087020010",장안1동,"1106087",24644.57,12230.444,0.496,"408",동대문
인구밀집지역,POI049,장한평역,"1106087020014",장안1동,"1106087",47911.71,46649.785,0.974,"408",동대문
인구밀집지역,POI049,장한평역,"1106087030007",장안1동,"1106087",26182.41,21352.517,0.816,"408",동대문
인구밀집지역,POI049,장한평역,"1106087030004",장안1동,"1106087",18324.01,12321.178,0.672,"408",동대문
인구밀집지역,POI049,장한평역,"1106087030003",장안1동,"1106087",27142.20,27142.198,1.000,"408",동대문
인구밀집지역,POI049,장한평역,"1106087030002",장안1동,"1106087",32980.59,17090.527,0.518,"408",동대문
인구밀집지역,POI049,장한평역,"1106087030001",장안1동,"1106087",14639.55,8331.214,0.569,"408",동대문
인구밀집지역,POI049,장한평역,"1106087030010",장안1동,"1106087",30599.27,30599.271,1.000,"408",동대문
인구밀집지역,POI049,장한평역,"1106087030012",장안1동,"1106087",55628.49,44128.995,0.793,"408",동대문
인구밀집지역,POI049,장한평역,"1106087030401",장안1동,"1106087",5199.24,5199.242,1.000,"408",동대문
인구밀집지역,POI049,장한평역,"1104070010004",용답동,"1104070",126008.38,31006.687,0.246,"408",동대문
인구밀집지역,POI049,장한평역,"1104070010001",용답동,"1104070",67675.71,20597.197,0.304,"408",동대문
인구밀집지역,POI049,장한평역,"1104070010003",용답동,"1104070",27208.18,27208.178,1.000,"408",동대문
인구밀집지역,POI049,장한평역,"1104070010002",용답동,"1104070",1200554.56,107601.393,0.090,"408",동대문
인구밀집지역,POI050,천호역,"1125066010015",성내2동,"1125066",43435.60,31682.655,0.729,"402",강동
인구밀집지역,POI050,천호역,"1125073020007",천호2동,"1125073",25682.23,10330.974,0.402,"402",강동
인구밀집지역,POI050,천호역,"1125073020001",천호2동,"1125073",31621.74,10842.303,0.343,"402",강동
인구밀집지역,POI050,천호역,"1125073030012",천호2동,"1125073",95677.39,61319.915,0.641,"402",강동
인구밀집지역,POI050,천호역,"1125073030011",천호2동,"1125073",15012.93,15012.931,1.000,"402",강동
인구밀집지역,POI050,천호역,"1125073030301",천호2동,"1125073",13441.75,13430.511,0.999,"402",강동
인구밀집지역,POI050,천호역,"1125073030801",천호2동,"1125073",2037.50,2037.503,1.000,"402",강동
인구밀집지역,POI050,천호역,"1124051010022",풍납1동,"1124051",48750.55,9295.717,0.191,"402",강동
인구밀집지역,POI051,총신대입구(이수)역,"1122063010005",방배2동,"1122063",64654.28,22136.151,0.342,"889",현충원
인구밀집지역,POI051,총신대입구(이수)역,"1122065010002",방배4동,"1122065",46559.78,24702.798,0.531,"889",현충원
인구밀집지역,POI051,총신대입구(이수)역,"1120063010004",사당1동,"1120063",24270.47,24270.469,1.000,"889",현충원
인구밀집지역,POI051,총신대입구(이수)역,"1120063010007",사당1동,"1120063",28525.13,10640.334,0.373,"889",현충원
인구밀집지역,POI051,총신대입구(이수)역,"1120063010011",사당1동,"1120063",16477.55,16471.669,1.000,"889",현충원
인구밀집지역,POI051,총신대입구(이수)역,"1120063010013",사당1동,"1120063",11292.14,11292.039,1.000,"889",현충원
인구밀집지역,POI051,총신대입구(이수)역,"1120063010101",사당1동,"1120063",8787.73,8787.732,1.000,"889",현충원
인구밀집지역,POI051,총신대입구(이수)역,"1120073030006",사당2동,"1120073",16764.67,8361.222,0.499,"889",현충원
인구밀집지역,POI051,총신대입구(이수)역,"1120073030011",사당2동,"1120073",23149.69,8143.372,0.352,"889",현충원
인구밀집지역,POI051,총신대입구(이수)역,"1120073030007",사당2동,"1120073",20136.89,16618.971,0.825,"889",현충원
인구밀집지역,POI051,총신대입구(이수)역,"1120073040002",사당2동,"1120073",48788.79,48788.442,1.000,"889",현충원
인구밀집지역,POI051,총신대입구(이수)역,"1120073040003",사당2동,"1120073",28794.31,15654.637,0.544,"889",현충원
인구밀집지역,POI051,총신대입구(이수)역,"1120073040001",사당2동,"1120073",28649.14,28648.829,1.000,"889",현충원
인구밀집지역,POI052,충정로역,"1114077010001",공덕동,"1114077",7392.90,7392.849,1.000,"108",서울
인구밀집지역,POI052,충정로역,"1114077010003",공덕동,"1114077",29362.35,10048.486,0.342,"108",서울
인구밀집지역,POI052,충정로역,"1114077010017",공덕동,"1114077",7584.18,4893.258,0.645,"108",서울
인구밀집지역,POI052,충정로역,"1113073020002",충현동,"1113073",55112.31,31720.508,0.576,"108",서울
인구밀집지역,POI052,충정로역,"1113073020001",충현동,"1113073",13242.35,13242.351,1.000,"108",서울
인구밀집지역,POI052,충정로역,"1113073020101",충현동,"1113073",3620.33,3620.331,1.000,"108",서울
인구밀집지역,POI052,충정로역,"1113073030003",충현동,"1113073",56322.21,23712.331,0.421,"108",서울
인구밀집지역,POI052,충정로역,"1102068010002",중림동,"1102068",117285.06,11428.621,0.097,"108",서울
인구밀집지역,POI052,충정로역,"1102068010001",중림동,"1102068",46909.36,17949.248,0.383,"108",서울
인구밀집지역,POI052,충정로역,"1102068020004",중림동,"1102068",122317.61,4075.015,0.033,"108",서울
인구밀집지역,POI052,충정로역,"1102068020005",중림동,"1102068",16625.42,16625.419,1.000,"108",서울
인구밀집지역,POI052,충정로역,"1102068020002",중림동,"1102068",7827.89,7827.893,1.000,"108",서울
인구밀집지역,POI053,합정역,"1114068010001",합정동,"1114068",12970.16,12970.164,1.000,"411",마포
인구밀집지역,POI053,합정역,"1114068010003",합정동,"1114068",13278.11,13278.110,1.000,"411",마포
인구밀집지역,POI053,합정역,"1114068010002",합정동,"1114068",9304.89,9304.894,1.000,"411",마포
인구밀집지역,POI053,합정역,"1114068010005",합정동,"1114068",18955.11,18955.112,1.000,"411",마포
인구밀집지역,POI053,합정역,"1114068010004",합정동,"1114068",14143.60,14143.604,1.000,"411",마포
인구밀집지역,POI053,합정역,"1114068010007",합정동,"1114068",9908.59,9908.592,1.000,"411",마포
인구밀집지역,POI053,합정역,"1114068010006",합정동,"1114068",13270.27,13270.273,1.000,"411",마포
인구밀집지역,POI053,합정역,"1114068010014",합정동,"1114068",13881.14,13881.139,1.000,"411",마포
인구밀집지역,POI053,합정역,"1114068010011",합정동,"1114068",10459.71,10459.709,1.000,"411",마포
인구밀집지역,POI053,합정역,"1114068010010",합정동,"1114068",38578.60,38578.387,1.000,"411",마포
인구밀집지역,POI053,합정역,"1114068010013",합정동,"1114068",32808.09,32808.075,1.000,"411",마포
인구밀집지역,POI053,합정역,"1114068010012",합정동,"1114068",12058.81,12058.808,1.000,"411",마포
인구밀집지역,POI053,합정역,"1114068010009",합정동,"1114068",13836.86,13836.724,1.000,"411",마포
인구밀집지역,POI053,합정역,"1114068010008",합정동,"1114068",22049.42,22049.422,1.000,"411",마포
인구밀집지역,POI053,합정역,"1114068010301",합정동,"1114068",10858.13,10858.131,1.000,"411",마포
인구밀집지역,POI053,합정역,"1114068010701",합정동,"1114068",684.96,684.963,1.000,"411",마포
인구밀집지역,POI053,합정역,"1114068010702",합정동,"1114068",20227.36,20227.360,1.000,"411",마포
인구밀집지역,POI053,합정역,"1114068040003",합정동,"1114068",22907.56,11336.605,0.495,"411",마포
인구밀집지역,POI053,합정역,"1114068040008",합정동,"1114068",49854.47,49851.342,1.000,"411",마포
인구밀집지역,POI053,합정역,"1114068040009",합정동,"1114068",21854.08,15448.036,0.707,"411",마포
인구밀집지역,POI053,합정역,"1114068040010",합정동,"1114068",31993.13,31993.132,1.000,"411",마포
인구밀집지역,POI053,합정역,"1114068040012",합정동,"1114068",12590.45,12589.752,1.000,"411",마포
인구밀집지역,POI053,합정역,"1114068040013",합정동,"1114068",14230.17,14230.172,1.000,"411",마포
인구밀집지역,POI053,합정역,"1114068040004",합정동,"1114068",25787.70,25786.841,1.000,"411",마포
인구밀집지역,POI053,합정역,"1114068040005",합정동,"1114068",37449.21,37449.210,1.000,"411",마포
인구밀집지역,POI053,합정역,"1114068040006",합정동,"1114068",15651.65,15651.654,1.000,"411",마포
인구밀집지역,POI053,합정역,"1114068040002",합정동,"1114068",16727.92,2274.023,0.136,"411",마포
인구밀집지역,POI054,혜화역,"1101064010008",이화동,"1101064",24259.75,5434.078,0.224,"414",성북
인구밀집지역,POI054,혜화역,"1101064010005",이화동,"1101064",55829.17,51005.256,0.914,"414",성북
인구밀집지역,POI054,혜화역,"1101064010006",이화동,"1101064",52951.91,19628.412,0.371,"414",성북
인구밀집지역,POI054,혜화역,"1101064010004",이화동,"1101064",38946.52,22341.566,0.574,"414",성북
인구밀집지역,POI054,혜화역,"1101073030001",혜화동,"1101073",120875.96,22726.373,0.188,"414",성북
인구밀집지역,POI054,혜화역,"1101073040001",혜화동,"1101073",34802.20,34802.204,1.000,"414",성북
인구밀집지역,POI054,혜화역,"1101073040002",혜화동,"1101073",62109.42,60985.980,0.982,"414",성북
인구밀집지역,POI055,홍대입구역(2호선),"1114066010002",서교동,"1114066",49420.37,13017.626,0.263,"411",마포
인구밀집지역,POI055,홍대입구역(2호선),"1114066020003",서교동,"1114066",55012.15,5480.351,0.100,"411",마포
인구밀집지역,POI055,홍대입구역(2호선),"1114066020001",서교동,"1114066",19704.03,14871.323,0.755,"411",마포
인구밀집지역,POI055,홍대입구역(2호선),"1114066050002",서교동,"1114066",94583.84,35405.758,0.374,"411",마포
인구밀집지역,POI055,홍대입구역(2호선),"1114066070002",서교동,"1114066",89494.50,43558.458,0.487,"411",마포
인구밀집지역,POI056,회기역,"1106071010009",회기동,"1106071",17310.28,17310.285,1.000,"408",동대문
인구밀집지역,POI056,회기역,"1106071010002",회기동,"1106071",55545.29,8364.221,0.151,"408",동대문
인구밀집지역,POI056,회기역,"1106071010005",회기동,"1106071",14539.39,14539.394,1.000,"408",동대문
인구밀집지역,POI056,회기역,"1106071010004",회기동,"1106071",21534.44,18359.266,0.853,"408",동대문
인구밀집지역,POI056,회기역,"1106071010007",회기동,"1106071",18883.35,18883.354,1.000,"408",동대문
인구밀집지역,POI056,회기역,"1106071020006",회기동,"1106071",10570.63,7182.286,0.679,"408",동대문
인구밀집지역,POI056,회기역,"1106071020007",회기동,"1106071",17846.09,4511.534,0.253,"408",동대문
인구밀집지역,POI056,회기역,"1106071020001",회기동,"1106071",46188.65,22063.497,0.478,"408",동대문
인구밀집지역,POI056,회기역,"1106072040006",휘경1동,"1106072",31986.96,30328.680,0.948,"408",동대문
인구밀집지역,POI056,회기역,"1106072040007",휘경1동,"1106072",17479.72,17323.142,0.991,"408",동대문
인구밀집지역,POI056,회기역,"1106072040001",휘경1동,"1106072",9537.08,6222.991,0.653,"408",동대문
인구밀집지역,POI056,회기역,"1106072040014",휘경1동,"1106072",7523.39,7523.387,1.000,"408",동대문
인구밀집지역,POI056,회기역,"1106072040008",휘경1동,"1106072",13624.05,10453.134,0.767,"408",동대문
인구밀집지역,POI056,회기역,"1106072040010",휘경1동,"1106072",9504.07,2369.297,0.249,"408",동대문
인구밀집지역,POI056,회기역,"1106072040013",휘경1동,"1106072",32766.77,28022.930,0.855,"408",동대문
인구밀집지역,POI056,회기역,"1106072050001",휘경1동,"1106072",85236.26,51674.086,0.606,"408",동대문
인구밀집지역,POI056,회기역,"1106073010002",휘경2동,"1106073",17299.54,11372.967,0.657,"408",동대문
인구밀집지역,POI056,회기역,"1106073010009",휘경2동,"1106073",20650.83,10454.121,0.506,"408",동대문
인구밀집지역,POI056,회기역,"1106089060001",이문1동,"1106089",19104.61,5133.088,0.269,"408",동대문
인구밀집지역,POI056,회기역,"1106089060007",이문1동,"1106089",107274.71,5615.046,0.052,"408",동대문
